delete from saaagentresult where agentcode in(select a.agentcode from saaagentcontract a,saacontract b where a.acontractid=b.acontractid and b.agentname='ui测试-中介005');
delete from sainterfaceinfo where businessno in(select to_char(a.agentid) from saaagentcontract a,saacontract b where a.acontractid=b.acontractid and b.agentname='ui测试-中介005');
delete from sainterfaceinfo where businessno in(select to_char(a.acontractid) from saaagentcontract a,saacontract b where a.acontractid=b.acontractid and b.agentname='ui测试-中介005');
delete from sainterfaceinfo where businessno in(select to_char(accountid) from sadaccount where accountno='1111150');
delete from saaagentcontract where acontractid in(select acontractid from saacontract where agentname='ui测试-中介005');
delete from saaagentcontracthis where acontractid in(select acontractid from saacontract where agentname='ui测试-中介005');
delete from sabpmmain where businessno in(select contractno from saacontract where agentname='ui测试-中介005');
delete from saacontract where agentname='ui测试-中介005';
delete from saacontractresult where agentname='ui测试-中介005';
delete from saacontracthis where agentname='ui测试-中介005';
delete from sadaccount where accountno='1111150';

delete from saaagentresult where agentcode in(select a.agentcode from saaagentcontract a,saacontract b where a.acontractid=b.acontractid and b.agentname='ui测试-中介经代005');
delete from sainterfaceinfo where businessno in(select to_char(a.agentid) from saaagentcontract a,saacontract b where a.acontractid=b.acontractid and b.agentname='ui测试-中介经代005');
delete from sainterfaceinfo where businessno in(select to_char(a.acontractid) from saaagentcontract a,saacontract b where a.acontractid=b.acontractid and b.agentname='ui测试-中介经代005');
delete from sainterfaceinfo where businessno in(select to_char(accountid) from sadaccount where accountno='1111152');
delete from saaagentcontract where acontractid in(select acontractid from saacontract where agentname='ui测试-中介经代005');
delete from saaagentcontracthis where acontractid in(select acontractid from saacontract where agentname='ui测试-中介经代005');
delete from sabpmmain where businessno in(select contractno from saacontract where agentname='ui测试-中介经代005');
delete from saacontract where agentname='ui测试-中介经代005';
delete from saacontractresult where agentname='ui测试-中介经代005';
delete from saacontracthis where agentname='ui测试-中介经代005';
delete from sadaccount where accountno='1111152';

delete from saaagentresult where agentcode in(select a.agentcode from saaagentcontract a,saacontract b where a.acontractid=b.acontractid and b.agentname='ui测试-中介银保005');
delete from sainterfaceinfo where businessno in(select to_char(a.agentid) from saaagentcontract a,saacontract b where a.acontractid=b.acontractid and b.agentname='ui测试-中介银保005');
delete from sainterfaceinfo where businessno in(select to_char(a.acontractid) from saaagentcontract a,saacontract b where a.acontractid=b.acontractid and b.agentname='ui测试-中介银保005');
delete from sainterfaceinfo where businessno in(select to_char(accountid) from sadaccount where accountno='1111153');
delete from saaagentcontract where acontractid in(select acontractid from saacontract where agentname='ui测试-中介银保005');
delete from saaagentcontracthis where acontractid in(select acontractid from saacontract where agentname='ui测试-中介银保005');
delete from sabpmmain where businessno in(select contractno from saacontract where agentname='ui测试-中介银保005');
delete from saacontract where agentname='ui测试-中介银保005';
delete from saacontractresult where agentname='ui测试-中介银保005';
delete from saacontracthis where agentname='ui测试-中介银保005';
delete from sadaccount where accountno='1111153';

delete from saaagentresult where agentcode in(select a.agentcode from saaagentcontract a,saacontract b where a.acontractid=b.acontractid and b.agentname='ui测试-中介车商005');
delete from sainterfaceinfo where businessno in(select to_char(a.agentid) from saaagentcontract a,saacontract b where a.acontractid=b.acontractid and b.agentname='ui测试-中介车商005');
delete from sainterfaceinfo where businessno in(select to_char(a.acontractid) from saaagentcontract a,saacontract b where a.acontractid=b.acontractid and b.agentname='ui测试-中介车商005');
delete from sainterfaceinfo where businessno in(select to_char(accountid) from sadaccount where accountno='1111154');
delete from saaagentcontract where acontractid in(select acontractid from saacontract where agentname='ui测试-中介车商005');
delete from saaagentcontracthis where acontractid in(select acontractid from saacontract where agentname='ui测试-中介车商005');
delete from sabpmmain where businessno in(select contractno from saacontract where agentname='ui测试-中介车商005');
delete from saacontract where agentname='ui测试-中介车商005';
delete from saacontractresult where agentname='ui测试-中介车商005';
delete from saacontracthis where agentname='ui测试-中介车商005';
delete from sadaccount where accountno='1111154';


INSERT INTO saaagentresult (agentresultid, agentcode, agentname, comcode, ispass, resultdate, reason, operateorcode, checkcode, validstatus, flag, remark, inserttimeforhis, operatetimeforhis) VALUES (1100025936, '32003J200040', 'ui测试-中介01', '3200', null, TO_DATE('2020-08-24 14:34:36', '%Y-%m-%d %H:%M:%S'), null, 'A320000135', 'A320000135', '1         ', null, null, TO_DATE('2020-08-24 14:34:37', '%Y-%m-%d %H:%M:%S'), TO_DATE('2020-08-24 14:34:37', '%Y-%m-%d %H:%M:%S'));
INSERT INTO saaagentresult (agentresultid, agentcode, agentname, comcode, ispass, resultdate, reason, operateorcode, checkcode, validstatus, flag, remark, inserttimeforhis, operatetimeforhis) VALUES (1100025945, '32003J200040', 'ui测试-中介01', '3200', null, TO_DATE('2020-08-25 16:28:06', '%Y-%m-%d %H:%M:%S'), null, 'A320000135', 'A320000135', '1         ', null, null, TO_DATE('2020-08-25 16:28:07', '%Y-%m-%d %H:%M:%S'), TO_DATE('2020-08-25 16:28:07', '%Y-%m-%d %H:%M:%S'));
INSERT INTO saaagentcontract (agentcontractid, acontractid, agentid, agentcode, ruleno, batchno, comcode, secondname, orgcode, effecttime, failuretime, validstatus, deleteflag, flag, remark, inserttimeforhis, operatetimeforhis) VALUES (1000000000545336, 1000000000196254, 1000000000072491, '32003J200040', 'RULE20120000000000001', null, '32990062', 'ui测试-中介01', 'P8THLLKR-X ', TO_DATE('2020-08-25 16:28:07', '%Y-%m-%d %H:%M:%S'), null, '1', '1', '1', '', TO_DATE('2020-08-25 16:18:26', '%Y-%m-%d %H:%M:%S'), TO_DATE('2020-08-25 16:28:07', '%Y-%m-%d %H:%M:%S'));
INSERT INTO saaagentcontracthis (id, acontracthisid, agentcontractid, acontractid, agentid, agentcode, ruleno, batchno, comcode, secondname, orgcode, effecttime, failuretime, validstatus, deleteflag, flag, remark, inserttimeforhis, operatetimeforhis) VALUES (1000000001767195, 1000000000607447, 1000000000545336, 1000000000196254, 1000000000072491, '32003J200040', 'RULE20120000000000001', null, '32990062', 'ui测试-中介01', 'P8THLLKR-X ', TO_DATE('2020-08-25 16:28:07', '%Y-%m-%d %H:%M:%S'), null, '1', '1', null, '', TO_DATE('2020-08-25 16:28:07', '%Y-%m-%d %H:%M:%S'), TO_DATE('2020-08-25 16:28:07', '%Y-%m-%d %H:%M:%S'));
INSERT INTO sabpmmain (id, processid, taskid, businessno, businesstype, nodeid, businessnodeid, indate, state, comcode, handlerrole, usercode, handleruser, mobile, prepnodeid, preptaskid, prepcomcode, prepuser, pendingdate, outdate, acceptdate, acceptflag, valid, transactnodeid, cancelstate, canceldate, resumedate, canceluser, makecom, businessstatus, reason, inserttimeforhis, operatetimeforhis) VALUES (1000000003331184, 1000000000034511, null, '32993J220082501       ', '2 ', 10, 0, TO_DATE('2020-08-25 16:18:26', '%Y-%m-%d %H:%M:%S'), '1', '32000000  ', null, '          ', 'A320000135      ', null, null, null, null, null, null, TO_DATE('2020-08-25 16:18:26', '%Y-%m-%d %H:%M:%S'), null, null, '1', null, null, null, null, null, '32000000', 'B', null, TO_DATE('2020-08-25 16:18:26', '%Y-%m-%d %H:%M:%S'), TO_DATE('2020-08-25 16:18:26', '%Y-%m-%d %H:%M:%S'));
INSERT INTO sabpmmain (id, processid, taskid, businessno, businesstype, nodeid, businessnodeid, indate, state, comcode, handlerrole, usercode, handleruser, mobile, prepnodeid, preptaskid, prepcomcode, prepuser, pendingdate, outdate, acceptdate, acceptflag, valid, transactnodeid, cancelstate, canceldate, resumedate, canceluser, makecom, businessstatus, reason, inserttimeforhis, operatetimeforhis) VALUES (1000000003331185, 1000000000034511, null, '32993J220082501       ', '2 ', 11, 1, TO_DATE('2020-08-25 16:18:26', '%Y-%m-%d %H:%M:%S'), '1', null, null, '          ', 'A320000135      ', null, 10, null, '32000000  ', 'A320000135', null, TO_DATE('2020-08-25 16:28:06', '%Y-%m-%d %H:%M:%S'), null, null, '1', null, null, null, null, null, '32000000', 'C', 'qqq', TO_DATE('2020-08-25 16:18:26', '%Y-%m-%d %H:%M:%S'), TO_DATE('2020-08-25 16:28:26', '%Y-%m-%d %H:%M:%S'));
INSERT INTO saacontract (acontractid, agentname, contractno, contracttype, startdate, enddate, comcode, orgcode, permitno, permitenddate, agentreferee, agentcontact, signusercode, channelusercode, agentphoneno, agentaddress, premiumtarget, createdate, lastcontractid, creator, updator, checkstatus, validstatus, flag, remark, inserttimeforhis, operatetimeforhis) VALUES (1000000000196254, 'ui测试-中介005', '32993J220082501', '3J2', TO_DATE('2020-08-18', '%Y-%m-%d'), TO_DATE('2021-08-17', '%Y-%m-%d'), '32990091', null, null, null, '', '', null, null, '', '', null, TO_DATE('2020-08-25', '%Y-%m-%d'), null, 'A320000135', null, '          ', '1', null, null, TO_DATE('2020-08-25 16:18:26', '%Y-%m-%d %H:%M:%S'), TO_DATE('2020-08-25 16:28:07', '%Y-%m-%d %H:%M:%S'));
INSERT INTO saacontractresult (contractresultid, agentname, acontractid, contractno, orgcode, permitno, ispass, resultdate, reason, operateorcode, checkcode, validstatus, flag, remark, inserttimeforhis, operatetimeforhis) VALUES (1000000000162239, 'ui测试-中介005', 1000000000196254, '32993J220082501', null, null, '11', TO_DATE('2020-08-25 16:28:06', '%Y-%m-%d %H:%M:%S'), null, null, 'A320000135', '1         ', null, null, TO_DATE('2020-08-25 16:28:07', '%Y-%m-%d %H:%M:%S'), TO_DATE('2020-08-25 16:28:07', '%Y-%m-%d %H:%M:%S'));
INSERT INTO saacontracthis (id, acontractid, agentname, contractno, contracttype, startdate, enddate, comcode, orgcode, permitno, permitenddate, agentreferee, agentcontact, signusercode, channelusercode, agentphoneno, agentaddress, premiumtarget, createdate, lastcontractid, effecttime, failuretime, creator, updator, businessflag, updatetime, checkuser, checktime, checkstatus, validstatus, flag, remark, inserttimeforhis, operatetimeforhis) VALUES (1000000000607447, 1000000000196254, 'ui测试-中介005', '32993J220082501', '3J2', TO_DATE('2020-08-18', '%Y-%m-%d'), TO_DATE('2021-08-17', '%Y-%m-%d'), '32990091', null, null, null, '', '', null, null, '', '', null, TO_DATE('2020-08-25', '%Y-%m-%d'), null, null, null, 'A320000135', 'A320000135', 'A', TO_DATE('2020-08-25 16:28:06', '%Y-%m-%d %H:%M:%S'), 'A320000135', TO_DATE('2020-08-25 16:28:06', '%Y-%m-%d %H:%M:%S'), '          ', '1', null, null, TO_DATE('2020-08-25 16:28:07', '%Y-%m-%d %H:%M:%S'), TO_DATE('2020-08-25 16:28:07', '%Y-%m-%d %H:%M:%S'));
INSERT INTO sadaccount (accountid, payeename, bankname, accountno, telephone, isprivate, cardtype, bankcode, bankareacode, bankareaname, cnaps, identifytype, identifynumber, pressing, sendsms, sendmail, email, comcode, updator, updatetime, validstatus, flag, remark, inserttimeforhis, operatetimeforhis) VALUES (1000000001354822, 'ui测试-中介005', '交通银行', '1111150', '', '1', '1', 'BOCOM       ', '6540', '新疆维吾尔自治区_伊犁哈萨克自治州', '301898000032', '2', 'P8THLLKR-X', '1', '2', '2', '', '32990062', null, null, '1         ', null, null, TO_DATE('2020-08-25 16:18:13', '%Y-%m-%d %H:%M:%S'), TO_DATE('2020-08-25 16:28:07', '%Y-%m-%d %H:%M:%S'));

INSERT INTO saaagentresult (agentresultid, agentcode, agentname, comcode, ispass, resultdate, reason, operateorcode, checkcode, validstatus, flag, remark, inserttimeforhis, operatetimeforhis) VALUES (1100025937, '320021101770', 'ui测试-经代渠道', '3200', null, TO_DATE('2020-08-24 16:14:25', '%Y-%m-%d %H:%M:%S'), null, 'A320000135', 'A320000135', '1         ', null, null, TO_DATE('2020-08-24 16:14:25', '%Y-%m-%d %H:%M:%S'), TO_DATE('2020-08-24 16:14:25', '%Y-%m-%d %H:%M:%S'));
INSERT INTO saaagentresult (agentresultid, agentcode, agentname, comcode, ispass, resultdate, reason, operateorcode, checkcode, validstatus, flag, remark, inserttimeforhis, operatetimeforhis) VALUES (1100025946, '320021101770', 'ui测试-经代渠道', '3200', null, TO_DATE('2020-08-25 16:36:01', '%Y-%m-%d %H:%M:%S'), null, 'A320000135', 'A320000135', '1         ', null, null, TO_DATE('2020-08-25 16:36:02', '%Y-%m-%d %H:%M:%S'), TO_DATE('2020-08-25 16:36:02', '%Y-%m-%d %H:%M:%S'));
INSERT INTO saaagentcontract (agentcontractid, acontractid, agentid, agentcode, ruleno, batchno, comcode, secondname, orgcode, effecttime, failuretime, validstatus, deleteflag, flag, remark, inserttimeforhis, operatetimeforhis) VALUES (1000000000545337, 1000000000196255, 1000000000072493, '320021101770', 'RULE20120000000000001', null, '23415678', 'ui测试-经代渠道', 'P0P3IIZC-9 ', TO_DATE('2020-08-25 16:36:01', '%Y-%m-%d %H:%M:%S'), null, '1', '1', '1', '', TO_DATE('2020-08-25 16:35:28', '%Y-%m-%d %H:%M:%S'), TO_DATE('2020-08-25 16:36:02', '%Y-%m-%d %H:%M:%S'));
INSERT INTO saaagentcontracthis (id, acontracthisid, agentcontractid, acontractid, agentid, agentcode, ruleno, batchno, comcode, secondname, orgcode, effecttime, failuretime, validstatus, deleteflag, flag, remark, inserttimeforhis, operatetimeforhis) VALUES (1000000001767196, 1000000000607448, 1000000000545337, 1000000000196255, 1000000000072493, '320021101770', 'RULE20120000000000001', null, '23415678', 'ui测试-经代渠道', 'P0P3IIZC-9 ', TO_DATE('2020-08-25 16:36:01', '%Y-%m-%d %H:%M:%S'), null, '1', '1', null, '', TO_DATE('2020-08-25 16:36:02', '%Y-%m-%d %H:%M:%S'), TO_DATE('2020-08-25 16:36:02', '%Y-%m-%d %H:%M:%S'));
INSERT INTO sabpmmain (id, processid, taskid, businessno, businesstype, nodeid, businessnodeid, indate, state, comcode, handlerrole, usercode, handleruser, mobile, prepnodeid, preptaskid, prepcomcode, prepuser, pendingdate, outdate, acceptdate, acceptflag, valid, transactnodeid, cancelstate, canceldate, resumedate, canceluser, makecom, businessstatus, reason, inserttimeforhis, operatetimeforhis) VALUES (1000000003331187, 1000000000034512, null, '329921120082500       ', '2 ', 16, 0, TO_DATE('2020-08-25 16:35:29', '%Y-%m-%d %H:%M:%S'), '1', '32000000  ', null, '          ', 'A320000135      ', null, null, null, null, null, null, TO_DATE('2020-08-25 16:35:29', '%Y-%m-%d %H:%M:%S'), null, null, '1', null, null, null, null, null, '32000000', 'B', null, TO_DATE('2020-08-25 16:35:28', '%Y-%m-%d %H:%M:%S'), TO_DATE('2020-08-25 16:35:28', '%Y-%m-%d %H:%M:%S'));
INSERT INTO sabpmmain (id, processid, taskid, businessno, businesstype, nodeid, businessnodeid, indate, state, comcode, handlerrole, usercode, handleruser, mobile, prepnodeid, preptaskid, prepcomcode, prepuser, pendingdate, outdate, acceptdate, acceptflag, valid, transactnodeid, cancelstate, canceldate, resumedate, canceluser, makecom, businessstatus, reason, inserttimeforhis, operatetimeforhis) VALUES (1000000003331188, 1000000000034512, null, '329921120082500       ', '2 ', 17, 1, TO_DATE('2020-08-25 16:35:29', '%Y-%m-%d %H:%M:%S'), '1', null, null, '          ', 'A320000135      ', null, 16, null, '32000000  ', 'A320000135', null, TO_DATE('2020-08-25 16:36:01', '%Y-%m-%d %H:%M:%S'), null, null, '1', null, null, null, null, null, '32000000', 'C', 'qq', TO_DATE('2020-08-25 16:35:28', '%Y-%m-%d %H:%M:%S'), TO_DATE('2020-08-25 16:36:21', '%Y-%m-%d %H:%M:%S'));
INSERT INTO saacontract (acontractid, agentname, contractno, contracttype, startdate, enddate, comcode, orgcode, permitno, permitenddate, agentreferee, agentcontact, signusercode, channelusercode, agentphoneno, agentaddress, premiumtarget, createdate, lastcontractid, creator, updator, checkstatus, validstatus, flag, remark, inserttimeforhis, operatetimeforhis) VALUES (1000000000196255, 'ui测试-中介经代005', '329921120082500', '211', TO_DATE('2020-08-25', '%Y-%m-%d'), TO_DATE('2021-08-24', '%Y-%m-%d'), '32990091', null, null, null, '', '', null, null, '', '', null, TO_DATE('2020-08-25', '%Y-%m-%d'), null, 'A320000135', null, '          ', '1', null, null, TO_DATE('2020-08-25 16:35:28', '%Y-%m-%d %H:%M:%S'), TO_DATE('2020-08-25 16:36:02', '%Y-%m-%d %H:%M:%S'));
INSERT INTO saacontractresult (contractresultid, agentname, acontractid, contractno, orgcode, permitno, ispass, resultdate, reason, operateorcode, checkcode, validstatus, flag, remark, inserttimeforhis, operatetimeforhis) VALUES (1000000000162240, 'ui测试-中介经代005', 1000000000196255, '329921120082500', null, null, '11', TO_DATE('2020-08-25 16:36:01', '%Y-%m-%d %H:%M:%S'), null, null, 'A320000135', '1         ', null, null, TO_DATE('2020-08-25 16:36:02', '%Y-%m-%d %H:%M:%S'), TO_DATE('2020-08-25 16:36:02', '%Y-%m-%d %H:%M:%S'));
INSERT INTO saacontracthis (id, acontractid, agentname, contractno, contracttype, startdate, enddate, comcode, orgcode, permitno, permitenddate, agentreferee, agentcontact, signusercode, channelusercode, agentphoneno, agentaddress, premiumtarget, createdate, lastcontractid, effecttime, failuretime, creator, updator, businessflag, updatetime, checkuser, checktime, checkstatus, validstatus, flag, remark, inserttimeforhis, operatetimeforhis) VALUES (1000000000607448, 1000000000196255, 'ui测试-中介经代005', '329921120082500', '211', TO_DATE('2020-08-25', '%Y-%m-%d'), TO_DATE('2021-08-24', '%Y-%m-%d'), '32990091', null, null, null, '', '', null, null, '', '', null, TO_DATE('2020-08-25', '%Y-%m-%d'), null, null, null, 'A320000135', 'A320000135', 'A', TO_DATE('2020-08-25 16:36:01', '%Y-%m-%d %H:%M:%S'), 'A320000135', TO_DATE('2020-08-25 16:36:01', '%Y-%m-%d %H:%M:%S'), '          ', '1', null, null, TO_DATE('2020-08-25 16:36:02', '%Y-%m-%d %H:%M:%S'), TO_DATE('2020-08-25 16:36:02', '%Y-%m-%d %H:%M:%S'));
INSERT INTO sadaccount (accountid, payeename, bankname, accountno, telephone, isprivate, cardtype, bankcode, bankareacode, bankareaname, cnaps, identifytype, identifynumber, pressing, sendsms, sendmail, email, comcode, updator, updatetime, validstatus, flag, remark, inserttimeforhis, operatetimeforhis) VALUES (1000000001354823, 'ui测试-中介经代005', '交通银行', '1111152', '', '1', '1', 'BOCOM       ', '6540', '新疆维吾尔自治区_伊犁哈萨克自治州', '301898000032', '2', 'P0P3IIZC-9', '1', '2', '2', '', '23415678', null, null, '1         ', null, null, TO_DATE('2020-08-25 16:35:21', '%Y-%m-%d %H:%M:%S'), TO_DATE('2020-08-25 16:36:02', '%Y-%m-%d %H:%M:%S'));

INSERT INTO saaagentresult (agentresultid, agentcode, agentname, comcode, ispass, resultdate, reason, operateorcode, checkcode, validstatus, flag, remark, inserttimeforhis, operatetimeforhis) VALUES (1100025954, '32003J300157', 'ui测试-银保渠道', '3200', null, TO_DATE('2020-08-26 11:13:39', '%Y-%m-%d %H:%M:%S'), null, 'A320000135', 'A320000135', '1         ', null, null, TO_DATE('2020-08-26 11:13:43', '%Y-%m-%d %H:%M:%S'), TO_DATE('2020-08-26 11:13:43', '%Y-%m-%d %H:%M:%S'));
INSERT INTO saaagentresult (agentresultid, agentcode, agentname, comcode, ispass, resultdate, reason, operateorcode, checkcode, validstatus, flag, remark, inserttimeforhis, operatetimeforhis) VALUES (1100025955, '32003J300157', 'ui测试-银保渠道', '3200', null, TO_DATE('2020-08-26 11:21:58', '%Y-%m-%d %H:%M:%S'), null, 'A320000135', 'A320000135', '1         ', null, null, TO_DATE('2020-08-26 11:22:02', '%Y-%m-%d %H:%M:%S'), TO_DATE('2020-08-26 11:22:02', '%Y-%m-%d %H:%M:%S'));
INSERT INTO saaagentcontract (agentcontractid, acontractid, agentid, agentcode, ruleno, batchno, comcode, secondname, orgcode, effecttime, failuretime, validstatus, deleteflag, flag, remark, inserttimeforhis, operatetimeforhis) VALUES (1000000000545345, 1000000000196261, 1000000000072494, '32003J300157', 'RULE20120000000000001', null, '32010024', 'ui测试-银保渠道', 'VKN75WVK-2 ', TO_DATE('2020-08-26 11:21:59', '%Y-%m-%d %H:%M:%S'), null, '1', '1', '1', '', TO_DATE('2020-08-26 11:21:10', '%Y-%m-%d %H:%M:%S'), TO_DATE('2020-08-26 11:22:02', '%Y-%m-%d %H:%M:%S'));
INSERT INTO saaagentcontracthis (id, acontracthisid, agentcontractid, acontractid, agentid, agentcode, ruleno, batchno, comcode, secondname, orgcode, effecttime, failuretime, validstatus, deleteflag, flag, remark, inserttimeforhis, operatetimeforhis) VALUES (1000000001767201, 1000000000607452, 1000000000545345, 1000000000196261, 1000000000072494, '32003J300157', 'RULE20120000000000001', null, '32010024', 'ui测试-银保渠道', 'VKN75WVK-2 ', TO_DATE('2020-08-26 11:21:59', '%Y-%m-%d %H:%M:%S'), null, '1', '1', null, '', TO_DATE('2020-08-26 11:22:02', '%Y-%m-%d %H:%M:%S'), TO_DATE('2020-08-26 11:22:02', '%Y-%m-%d %H:%M:%S'));
INSERT INTO sabpmmain (id, processid, taskid, businessno, businesstype, nodeid, businessnodeid, indate, state, comcode, handlerrole, usercode, handleruser, mobile, prepnodeid, preptaskid, prepcomcode, prepuser, pendingdate, outdate, acceptdate, acceptflag, valid, transactnodeid, cancelstate, canceldate, resumedate, canceluser, makecom, businessstatus, reason, inserttimeforhis, operatetimeforhis) VALUES (1000000003331207, 1000000000034520, null, '329930020082601       ', '2 ', 22, 0, TO_DATE('2020-08-26 11:21:09', '%Y-%m-%d %H:%M:%S'), '1', '32000000  ', null, '          ', 'A320000135      ', null, null, null, null, null, null, TO_DATE('2020-08-26 11:21:09', '%Y-%m-%d %H:%M:%S'), null, null, '1', null, null, null, null, null, '32000000', 'B', null, TO_DATE('2020-08-26 11:21:10', '%Y-%m-%d %H:%M:%S'), TO_DATE('2020-08-26 11:21:10', '%Y-%m-%d %H:%M:%S'));
INSERT INTO sabpmmain (id, processid, taskid, businessno, businesstype, nodeid, businessnodeid, indate, state, comcode, handlerrole, usercode, handleruser, mobile, prepnodeid, preptaskid, prepcomcode, prepuser, pendingdate, outdate, acceptdate, acceptflag, valid, transactnodeid, cancelstate, canceldate, resumedate, canceluser, makecom, businessstatus, reason, inserttimeforhis, operatetimeforhis) VALUES (1000000003331208, 1000000000034520, null, '329930020082601       ', '2 ', 23, 1, TO_DATE('2020-08-26 11:21:09', '%Y-%m-%d %H:%M:%S'), '1', null, null, '          ', 'A320000135      ', null, 22, null, '32000000  ', 'A320000135', null, TO_DATE('2020-08-26 11:21:51', '%Y-%m-%d %H:%M:%S'), null, null, '1', null, null, null, null, null, '32000000', 'C', '好', TO_DATE('2020-08-26 11:21:11', '%Y-%m-%d %H:%M:%S'), TO_DATE('2020-08-26 11:22:35', '%Y-%m-%d %H:%M:%S'));
INSERT INTO saacontract (acontractid, agentname, contractno, contracttype, startdate, enddate, comcode, orgcode, permitno, permitenddate, agentreferee, agentcontact, signusercode, channelusercode, agentphoneno, agentaddress, premiumtarget, createdate, lastcontractid, creator, updator, checkstatus, validstatus, flag, remark, inserttimeforhis, operatetimeforhis) VALUES (1000000000196261, 'ui测试-中介银保005', '329930020082601', '300', TO_DATE('2020-08-26', '%Y-%m-%d'), TO_DATE('2021-08-24', '%Y-%m-%d'), '32990091', null, null, null, '', '', null, null, '', '', null, TO_DATE('2020-08-26', '%Y-%m-%d'), null, 'A320000135', null, '          ', '1', null, null, TO_DATE('2020-08-26 11:21:10', '%Y-%m-%d %H:%M:%S'), TO_DATE('2020-08-26 11:22:02', '%Y-%m-%d %H:%M:%S'));
INSERT INTO saacontractresult (contractresultid, agentname, acontractid, contractno, orgcode, permitno, ispass, resultdate, reason, operateorcode, checkcode, validstatus, flag, remark, inserttimeforhis, operatetimeforhis) VALUES (1000000000162244, 'ui测试-中介银保005', 1000000000196261, '329930020082601', null, null, '11', TO_DATE('2020-08-26 11:21:54', '%Y-%m-%d %H:%M:%S'), null, null, 'A320000135', '1         ', null, null, TO_DATE('2020-08-26 11:22:01', '%Y-%m-%d %H:%M:%S'), TO_DATE('2020-08-26 11:22:01', '%Y-%m-%d %H:%M:%S'));
INSERT INTO saacontracthis (id, acontractid, agentname, contractno, contracttype, startdate, enddate, comcode, orgcode, permitno, permitenddate, agentreferee, agentcontact, signusercode, channelusercode, agentphoneno, agentaddress, premiumtarget, createdate, lastcontractid, effecttime, failuretime, creator, updator, businessflag, updatetime, checkuser, checktime, checkstatus, validstatus, flag, remark, inserttimeforhis, operatetimeforhis) VALUES (1000000000607452, 1000000000196261, 'ui测试-中介银保005', '329930020082601', '300', TO_DATE('2020-08-26', '%Y-%m-%d'), TO_DATE('2021-08-24', '%Y-%m-%d'), '32990091', null, null, null, '', '', null, null, '', '', null, TO_DATE('2020-08-26', '%Y-%m-%d'), null, null, null, 'A320000135', 'A320000135', 'A', TO_DATE('2020-08-26 11:21:54', '%Y-%m-%d %H:%M:%S'), 'A320000135', TO_DATE('2020-08-26 11:21:54', '%Y-%m-%d %H:%M:%S'), '          ', '1', null, null, TO_DATE('2020-08-26 11:22:02', '%Y-%m-%d %H:%M:%S'), TO_DATE('2020-08-26 11:22:02', '%Y-%m-%d %H:%M:%S'));
INSERT INTO sadaccount (accountid, payeename, bankname, accountno, telephone, isprivate, cardtype, bankcode, bankareacode, bankareaname, cnaps, identifytype, identifynumber, pressing, sendsms, sendmail, email, comcode, updator, updatetime, validstatus, flag, remark, inserttimeforhis, operatetimeforhis) VALUES (1000000001354828, 'ui测试-中介银保005', '交通银行', '1111153', '', '1', '1', 'BOCOM       ', '6540', '新疆维吾尔自治区_伊犁哈萨克自治州', '301898000032', '2', 'VKN75WVK-2', '1', '2', '2', '', '32010024', null, null, '1         ', null, null, TO_DATE('2020-08-26 11:20:58', '%Y-%m-%d %H:%M:%S'), TO_DATE('2020-08-26 11:22:02', '%Y-%m-%d %H:%M:%S'));

INSERT INTO saaagentresult (agentresultid, agentcode, agentname, comcode, ispass, resultdate, reason, operateorcode, checkcode, validstatus, flag, remark, inserttimeforhis, operatetimeforhis) VALUES (1100025944, '32003L100008', 'ui测试车商渠道码', '3200', null, TO_DATE('2020-08-25 15:48:41', '%Y-%m-%d %H:%M:%S'), null, 'A320000135', 'A320000135', '1         ', null, null, TO_DATE('2020-08-25 15:48:42', '%Y-%m-%d %H:%M:%S'), TO_DATE('2020-08-25 15:48:42', '%Y-%m-%d %H:%M:%S'));
INSERT INTO saaagentresult (agentresultid, agentcode, agentname, comcode, ispass, resultdate, reason, operateorcode, checkcode, validstatus, flag, remark, inserttimeforhis, operatetimeforhis) VALUES (1100025947, '32003L100008', 'ui测试车商渠道码', '3200', null, TO_DATE('2020-08-25 16:39:17', '%Y-%m-%d %H:%M:%S'), null, 'A320000135', 'A320000135', '1         ', null, null, TO_DATE('2020-08-25 16:39:18', '%Y-%m-%d %H:%M:%S'), TO_DATE('2020-08-25 16:39:18', '%Y-%m-%d %H:%M:%S'));
INSERT INTO saaagentcontract (agentcontractid, acontractid, agentid, agentcode, ruleno, batchno, comcode, secondname, orgcode, effecttime, failuretime, validstatus, deleteflag, flag, remark, inserttimeforhis, operatetimeforhis) VALUES (1000000000545338, 1000000000196256, 1000000000072496, '32003L100008', 'RULE20120000000000001', null, '32000032', 'ui测试车商渠道码', 'G5RWGE1R-6 ', TO_DATE('2020-08-25 16:39:18', '%Y-%m-%d %H:%M:%S'), null, '1', '1', '1', '', TO_DATE('2020-08-25 16:38:51', '%Y-%m-%d %H:%M:%S'), TO_DATE('2020-08-25 16:39:18', '%Y-%m-%d %H:%M:%S'));
INSERT INTO saaagentcontracthis (id, acontracthisid, agentcontractid, acontractid, agentid, agentcode, ruleno, batchno, comcode, secondname, orgcode, effecttime, failuretime, validstatus, deleteflag, flag, remark, inserttimeforhis, operatetimeforhis) VALUES (1000000001767197, 1000000000607449, 1000000000545338, 1000000000196256, 1000000000072496, '32003L100008', 'RULE20120000000000001', null, '32000032', 'ui测试车商渠道码', 'G5RWGE1R-6 ', TO_DATE('2020-08-25 16:39:18', '%Y-%m-%d %H:%M:%S'), null, '1', '1', null, '', TO_DATE('2020-08-25 16:39:18', '%Y-%m-%d %H:%M:%S'), TO_DATE('2020-08-25 16:39:18', '%Y-%m-%d %H:%M:%S'));
INSERT INTO sabpmmain (id, processid, taskid, businessno, businesstype, nodeid, businessnodeid, indate, state, comcode, handlerrole, usercode, handleruser, mobile, prepnodeid, preptaskid, prepcomcode, prepuser, pendingdate, outdate, acceptdate, acceptflag, valid, transactnodeid, cancelstate, canceldate, resumedate, canceluser, makecom, businessstatus, reason, inserttimeforhis, operatetimeforhis) VALUES (1000000003331190, 1000000000034513, null, '329930020082502       ', '2 ', 28, 0, TO_DATE('2020-08-25 16:38:52', '%Y-%m-%d %H:%M:%S'), '1', '32000000  ', null, '          ', 'A320000135      ', null, null, null, null, null, null, TO_DATE('2020-08-25 16:38:52', '%Y-%m-%d %H:%M:%S'), null, null, '1', null, null, null, null, null, '32000000', 'B', null, TO_DATE('2020-08-25 16:38:51', '%Y-%m-%d %H:%M:%S'), TO_DATE('2020-08-25 16:38:51', '%Y-%m-%d %H:%M:%S'));
INSERT INTO sabpmmain (id, processid, taskid, businessno, businesstype, nodeid, businessnodeid, indate, state, comcode, handlerrole, usercode, handleruser, mobile, prepnodeid, preptaskid, prepcomcode, prepuser, pendingdate, outdate, acceptdate, acceptflag, valid, transactnodeid, cancelstate, canceldate, resumedate, canceluser, makecom, businessstatus, reason, inserttimeforhis, operatetimeforhis) VALUES (1000000003331191, 1000000000034513, null, '329930020082502       ', '2 ', 29, 1, TO_DATE('2020-08-25 16:38:52', '%Y-%m-%d %H:%M:%S'), '1', null, null, '          ', 'A320000135      ', null, 28, null, '32000000  ', 'A320000135', null, TO_DATE('2020-08-25 16:39:17', '%Y-%m-%d %H:%M:%S'), null, null, '1', null, null, null, null, null, '32000000', 'C', 'qq', TO_DATE('2020-08-25 16:38:51', '%Y-%m-%d %H:%M:%S'), TO_DATE('2020-08-25 16:39:37', '%Y-%m-%d %H:%M:%S'));
INSERT INTO saacontract (acontractid, agentname, contractno, contracttype, startdate, enddate, comcode, orgcode, permitno, permitenddate, agentreferee, agentcontact, signusercode, channelusercode, agentphoneno, agentaddress, premiumtarget, createdate, lastcontractid, creator, updator, checkstatus, validstatus, flag, remark, inserttimeforhis, operatetimeforhis) VALUES (1000000000196256, 'ui测试-中介车商005', '329930020082502', '300', TO_DATE('2020-08-25', '%Y-%m-%d'), TO_DATE('2021-08-24', '%Y-%m-%d'), '32990091', null, null, null, '', '', null, null, '', '', null, TO_DATE('2020-08-25', '%Y-%m-%d'), null, 'A320000135', null, '          ', '1', null, null, TO_DATE('2020-08-25 16:38:51', '%Y-%m-%d %H:%M:%S'), TO_DATE('2020-08-25 16:39:18', '%Y-%m-%d %H:%M:%S'));
INSERT INTO saacontractresult (contractresultid, agentname, acontractid, contractno, orgcode, permitno, ispass, resultdate, reason, operateorcode, checkcode, validstatus, flag, remark, inserttimeforhis, operatetimeforhis) VALUES (1000000000162241, 'ui测试-中介车商005', 1000000000196256, '329930020082502', null, null, '11', TO_DATE('2020-08-25 16:39:17', '%Y-%m-%d %H:%M:%S'), null, null, 'A320000135', '1         ', null, null, TO_DATE('2020-08-25 16:39:18', '%Y-%m-%d %H:%M:%S'), TO_DATE('2020-08-25 16:39:18', '%Y-%m-%d %H:%M:%S'));
INSERT INTO saacontracthis (id, acontractid, agentname, contractno, contracttype, startdate, enddate, comcode, orgcode, permitno, permitenddate, agentreferee, agentcontact, signusercode, channelusercode, agentphoneno, agentaddress, premiumtarget, createdate, lastcontractid, effecttime, failuretime, creator, updator, businessflag, updatetime, checkuser, checktime, checkstatus, validstatus, flag, remark, inserttimeforhis, operatetimeforhis) VALUES (1000000000607449, 1000000000196256, 'ui测试-中介车商005', '329930020082502', '300', TO_DATE('2020-08-25', '%Y-%m-%d'), TO_DATE('2021-08-24', '%Y-%m-%d'), '32990091', null, null, null, '', '', null, null, '', '', null, TO_DATE('2020-08-25', '%Y-%m-%d'), null, null, null, 'A320000135', 'A320000135', 'A', TO_DATE('2020-08-25 16:39:17', '%Y-%m-%d %H:%M:%S'), 'A320000135', TO_DATE('2020-08-25 16:39:17', '%Y-%m-%d %H:%M:%S'), '          ', '1', null, null, TO_DATE('2020-08-25 16:39:18', '%Y-%m-%d %H:%M:%S'), TO_DATE('2020-08-25 16:39:18', '%Y-%m-%d %H:%M:%S'));
INSERT INTO sadaccount (accountid, payeename, bankname, accountno, telephone, isprivate, cardtype, bankcode, bankareacode, bankareaname, cnaps, identifytype, identifynumber, pressing, sendsms, sendmail, email, comcode, updator, updatetime, validstatus, flag, remark, inserttimeforhis, operatetimeforhis) VALUES (1000000001354824, 'ui测试-中介车商005', '交通银行', '1111154', '', '1', '1', 'BOCOM       ', '6540', '新疆维吾尔自治区_伊犁哈萨克自治州', '301898000032', '2', 'G5RWGE1R-6', '1', '2', '2', '', '32000032', null, null, '1         ', null, null, TO_DATE('2020-08-25 16:38:45', '%Y-%m-%d %H:%M:%S'), TO_DATE('2020-08-25 16:39:18', '%Y-%m-%d %H:%M:%S'));
