delete from saaagentresult where agentcode in(select a.agentcode from saaagentcontract a,saacontract b where a.acontractid=b.acontractid and b.agentname='ui测试-中介002');
delete from sainterfaceinfo where businessno in(select to_char(a.agentid) from saaagentcontract a,saacontract b where a.acontractid=b.acontractid and b.agentname='ui测试-中介002');
delete from sainterfaceinfo where businessno in(select to_char(a.acontractid) from saaagentcontract a,saacontract b where a.acontractid=b.acontractid and b.agentname='ui测试-中介002');
delete from sainterfaceinfo where businessno in(select to_char(accountid) from sadaccount where accountno='1111120');
delete from saaagentcontract where acontractid in(select acontractid from saacontract where agentname='ui测试-中介002');
delete from saaagentcontracthis where acontractid in(select acontractid from saacontract where agentname='ui测试-中介002');
delete from sabpmmain where businessno in(select contractno from saacontract where agentname='ui测试-中介002');
delete from saacontract where agentname='ui测试-中介002';
delete from saacontractresult where agentname='ui测试-中介002';
delete from saacontracthis where agentname='ui测试-中介002';
delete from sadaccount where accountno='1111120';

delete from saaagentresult where agentcode in(select a.agentcode from saaagentcontract a,saacontract b where a.acontractid=b.acontractid and b.agentname='ui测试-中介经代002');
delete from sainterfaceinfo where businessno in(select to_char(a.agentid) from saaagentcontract a,saacontract b where a.acontractid=b.acontractid and b.agentname='ui测试-中介经代002');
delete from sainterfaceinfo where businessno in(select to_char(a.acontractid) from saaagentcontract a,saacontract b where a.acontractid=b.acontractid and b.agentname='ui测试-中介经代002');
delete from sainterfaceinfo where businessno in(select to_char(accountid) from sadaccount where accountno='1111122');
delete from saaagentcontract where acontractid in(select acontractid from saacontract where agentname='ui测试-中介经代002');
delete from saaagentcontracthis where acontractid in(select acontractid from saacontract where agentname='ui测试-中介经代002');
delete from sabpmmain where businessno in(select contractno from saacontract where agentname='ui测试-中介经代002');
delete from saacontract where agentname='ui测试-中介经代002';
delete from saacontractresult where agentname='ui测试-中介经代002';
delete from saacontracthis where agentname='ui测试-中介经代002';
delete from sadaccount where accountno='1111122';

delete from saaagentresult where agentcode in(select a.agentcode from saaagentcontract a,saacontract b where a.acontractid=b.acontractid and b.agentname='ui测试-中介银保002');
delete from sainterfaceinfo where businessno in(select to_char(a.agentid) from saaagentcontract a,saacontract b where a.acontractid=b.acontractid and b.agentname='ui测试-中介银保002');
delete from sainterfaceinfo where businessno in(select to_char(a.acontractid) from saaagentcontract a,saacontract b where a.acontractid=b.acontractid and b.agentname='ui测试-中介银保002');
delete from sainterfaceinfo where businessno in(select to_char(accountid) from sadaccount where accountno='1111123');
delete from saaagentcontract where acontractid in(select acontractid from saacontract where agentname='ui测试-中介银保002');
delete from saaagentcontracthis where acontractid in(select acontractid from saacontract where agentname='ui测试-中介银保002');
delete from sabpmmain where businessno in(select contractno from saacontract where agentname='ui测试-中介银保002');
delete from saacontract where agentname='ui测试-中介银保002';
delete from saacontractresult where agentname='ui测试-中介银保002';
delete from saacontracthis where agentname='ui测试-中介银保002';
delete from sadaccount where accountno='1111123';

delete from saaagentresult where agentcode in(select a.agentcode from saaagentcontract a,saacontract b where a.acontractid=b.acontractid and b.agentname='ui测试-中介车商002');
delete from sainterfaceinfo where businessno in(select to_char(a.agentid) from saaagentcontract a,saacontract b where a.acontractid=b.acontractid and b.agentname='ui测试-中介车商002');
delete from sainterfaceinfo where businessno in(select to_char(a.acontractid) from saaagentcontract a,saacontract b where a.acontractid=b.acontractid and b.agentname='ui测试-中介车商002');
delete from sainterfaceinfo where businessno in(select to_char(accountid) from sadaccount where accountno='1111124');
delete from saaagentcontract where acontractid in(select acontractid from saacontract where agentname='ui测试-中介车商002');
delete from saaagentcontracthis where acontractid in(select acontractid from saacontract where agentname='ui测试-中介车商002');
delete from sabpmmain where businessno in(select contractno from saacontract where agentname='ui测试-中介车商002');
delete from saacontract where agentname='ui测试-中介车商002';
delete from saacontractresult where agentname='ui测试-中介车商002';
delete from saacontracthis where agentname='ui测试-中介车商002';
delete from sadaccount where accountno='1111124';

INSERT INTO saaagentresult (agentresultid, agentcode, agentname, comcode, ispass, resultdate, reason, operateorcode, checkcode, validstatus, flag, remark, inserttimeforhis, operatetimeforhis) VALUES (1100025936, '32003J200040', 'ui测试-中介01', '3200', null, TO_DATE('2020-08-24 14:34:36', '%Y-%m-%d %H:%M:%S'), null, 'A320000135', 'A320000135', '1         ', null, null, TO_DATE('2020-08-24 14:34:37', '%Y-%m-%d %H:%M:%S'), TO_DATE('2020-08-24 14:34:37', '%Y-%m-%d %H:%M:%S'));
INSERT INTO saaagentcontract (agentcontractid, acontractid, agentid, agentcode, ruleno, batchno, comcode, secondname, orgcode, effecttime, failuretime, validstatus, deleteflag, flag, remark, inserttimeforhis, operatetimeforhis) VALUES (1000000000545324, 1000000000196245, 1000000000072491, '32003J200040', 'RULE20120000000000001', null, '32000000', 'ui测试-中介01', 'P8THLLKR-X ', TO_DATE('2020-08-24 14:34:37', '%Y-%m-%d %H:%M:%S'), null, '1', '1', '1', '', TO_DATE('2020-08-24 14:34:12', '%Y-%m-%d %H:%M:%S'), TO_DATE('2020-08-24 14:34:37', '%Y-%m-%d %H:%M:%S'));
INSERT INTO saaagentcontracthis (id, acontracthisid, agentcontractid, acontractid, agentid, agentcode, ruleno, batchno, comcode, secondname, orgcode, effecttime, failuretime, validstatus, deleteflag, flag, remark, inserttimeforhis, operatetimeforhis) VALUES (1000000001767189, 1000000000607442, 1000000000545324, 1000000000196245, 1000000000072491, '32003J200040', 'RULE20120000000000001', null, '32000000', 'ui测试-中介01', 'P8THLLKR-X ', TO_DATE('2020-08-24 14:34:37', '%Y-%m-%d %H:%M:%S'), null, '1', '1', null, '', TO_DATE('2020-08-24 14:34:37', '%Y-%m-%d %H:%M:%S'), TO_DATE('2020-08-24 14:34:37', '%Y-%m-%d %H:%M:%S'));
INSERT INTO sabpmmain (id, processid, taskid, businessno, businesstype, nodeid, businessnodeid, indate, state, comcode, handlerrole, usercode, handleruser, mobile, prepnodeid, preptaskid, prepcomcode, prepuser, pendingdate, outdate, acceptdate, acceptflag, valid, transactnodeid, cancelstate, canceldate, resumedate, canceluser, makecom, businessstatus, reason, inserttimeforhis, operatetimeforhis) VALUES (1000000003331108, 1000000000034477, null, '32993J220082400       ', '2 ', 10, 0, TO_DATE('2020-08-24 14:34:12', '%Y-%m-%d %H:%M:%S'), '1', '32000000  ', null, '          ', 'A320000135      ', null, null, null, null, null, null, TO_DATE('2020-08-24 14:34:12', '%Y-%m-%d %H:%M:%S'), null, null, '1', null, null, null, null, null, '32000000', 'B', null, TO_DATE('2020-08-24 14:34:12', '%Y-%m-%d %H:%M:%S'), TO_DATE('2020-08-24 14:34:12', '%Y-%m-%d %H:%M:%S'));
INSERT INTO sabpmmain (id, processid, taskid, businessno, businesstype, nodeid, businessnodeid, indate, state, comcode, handlerrole, usercode, handleruser, mobile, prepnodeid, preptaskid, prepcomcode, prepuser, pendingdate, outdate, acceptdate, acceptflag, valid, transactnodeid, cancelstate, canceldate, resumedate, canceluser, makecom, businessstatus, reason, inserttimeforhis, operatetimeforhis) VALUES (1000000003331109, 1000000000034477, null, '32993J220082400       ', '2 ', 11, 1, TO_DATE('2020-08-24 14:34:12', '%Y-%m-%d %H:%M:%S'), '1', null, null, '          ', 'A320000135      ', null, 10, null, '32000000  ', 'A320000135', null, TO_DATE('2020-08-24 14:34:36', '%Y-%m-%d %H:%M:%S'), null, null, '1', null, null, null, null, null, '32000000', 'C', '123', TO_DATE('2020-08-24 14:34:12', '%Y-%m-%d %H:%M:%S'), TO_DATE('2020-08-24 14:34:56', '%Y-%m-%d %H:%M:%S'));
INSERT INTO saacontract (acontractid, agentname, contractno, contracttype, startdate, enddate, comcode, orgcode, permitno, permitenddate, agentreferee, agentcontact, signusercode, channelusercode, agentphoneno, agentaddress, premiumtarget, createdate, lastcontractid, creator, updator, checkstatus, validstatus, flag, remark, inserttimeforhis, operatetimeforhis) VALUES (1000000000196245, 'ui测试-中介002', '32993J220082400', '3J2', TO_DATE('2020-08-10', '%Y-%m-%d'), TO_DATE('2021-08-16', '%Y-%m-%d'), '32990091', null, null, null, '', '', null, null, '', '', null, TO_DATE('2020-08-24', '%Y-%m-%d'), null, 'A320000135', null, '          ', '1', null, null, TO_DATE('2020-08-24 14:34:12', '%Y-%m-%d %H:%M:%S'), TO_DATE('2020-08-24 14:34:37', '%Y-%m-%d %H:%M:%S'));
INSERT INTO saacontractresult (contractresultid, agentname, acontractid, contractno, orgcode, permitno, ispass, resultdate, reason, operateorcode, checkcode, validstatus, flag, remark, inserttimeforhis, operatetimeforhis) VALUES (1000000000162234, 'ui测试-中介002', 1000000000196245, '32993J220082400', null, null, '11', TO_DATE('2020-08-24 14:34:36', '%Y-%m-%d %H:%M:%S'), null, null, 'A320000135', '1         ', null, null, TO_DATE('2020-08-24 14:34:37', '%Y-%m-%d %H:%M:%S'), TO_DATE('2020-08-24 14:34:37', '%Y-%m-%d %H:%M:%S'));
INSERT INTO saacontracthis (id, acontractid, agentname, contractno, contracttype, startdate, enddate, comcode, orgcode, permitno, permitenddate, agentreferee, agentcontact, signusercode, channelusercode, agentphoneno, agentaddress, premiumtarget, createdate, lastcontractid, effecttime, failuretime, creator, updator, businessflag, updatetime, checkuser, checktime, checkstatus, validstatus, flag, remark, inserttimeforhis, operatetimeforhis) VALUES (1000000000607442, 1000000000196245, 'ui测试-中介002', '32993J220082400', '3J2', TO_DATE('2020-08-10', '%Y-%m-%d'), TO_DATE('2021-08-16', '%Y-%m-%d'), '32990091', null, null, null, '', '', null, null, '', '', null, TO_DATE('2020-08-24', '%Y-%m-%d'), null, null, null, 'A320000135', 'A320000135', 'A', TO_DATE('2020-08-24 14:34:36', '%Y-%m-%d %H:%M:%S'), 'A320000135', TO_DATE('2020-08-24 14:34:36', '%Y-%m-%d %H:%M:%S'), '          ', '1', null, null, TO_DATE('2020-08-24 14:34:37', '%Y-%m-%d %H:%M:%S'), TO_DATE('2020-08-24 14:34:37', '%Y-%m-%d %H:%M:%S'));
INSERT INTO sadaccount (accountid, payeename, bankname, accountno, telephone, isprivate, cardtype, bankcode, bankareacode, bankareaname, cnaps, identifytype, identifynumber, pressing, sendsms, sendmail, email, comcode, updator, updatetime, validstatus, flag, remark, inserttimeforhis, operatetimeforhis) VALUES (1000000001354811, 'ui测试-中介01', '中国工商银行股份有限公司', '1111120', '', '1', '1', 'ICBC        ', '6528', '新疆维吾尔自治区_巴音郭楞蒙古自治州', '102888000030', '2', 'P8THLLKR-X', '1', '2', '2', '', '32000000', null, null, '1         ', null, '修改收款人姓名。', TO_DATE('2020-08-24 14:34:02', '%Y-%m-%d %H:%M:%S'), TO_DATE('2020-08-24 14:34:37', '%Y-%m-%d %H:%M:%S'));

INSERT INTO saaagentresult (agentresultid, agentcode, agentname, comcode, ispass, resultdate, reason, operateorcode, checkcode, validstatus, flag, remark, inserttimeforhis, operatetimeforhis) VALUES (1100025937, '320021101770', 'ui测试-经代渠道', '3200', null, TO_DATE('2020-08-24 16:14:25', '%Y-%m-%d %H:%M:%S'), null, 'A320000135', 'A320000135', '1         ', null, null, TO_DATE('2020-08-24 16:14:25', '%Y-%m-%d %H:%M:%S'), TO_DATE('2020-08-24 16:14:25', '%Y-%m-%d %H:%M:%S'));
INSERT INTO saaagentcontract (agentcontractid, acontractid, agentid, agentcode, ruleno, batchno, comcode, secondname, orgcode, effecttime, failuretime, validstatus, deleteflag, flag, remark, inserttimeforhis, operatetimeforhis) VALUES (1000000000545325, 1000000000196246, 1000000000072493, '320021101770', 'RULE20120000000000001', null, '32000000', 'ui测试-经代渠道', 'P0P3IIZC-9 ', TO_DATE('2020-08-24 16:14:25', '%Y-%m-%d %H:%M:%S'), null, '1', '1', '1', '', TO_DATE('2020-08-24 15:44:51', '%Y-%m-%d %H:%M:%S'), TO_DATE('2020-08-24 16:14:25', '%Y-%m-%d %H:%M:%S'));
INSERT INTO saaagentcontracthis (id, acontracthisid, agentcontractid, acontractid, agentid, agentcode, ruleno, batchno, comcode, secondname, orgcode, effecttime, failuretime, validstatus, deleteflag, flag, remark, inserttimeforhis, operatetimeforhis) VALUES (1000000001767190, 1000000000607443, 1000000000545325, 1000000000196246, 1000000000072493, '320021101770', 'RULE20120000000000001', null, '32000000', 'ui测试-经代渠道', 'P0P3IIZC-9 ', TO_DATE('2020-08-24 16:14:25', '%Y-%m-%d %H:%M:%S'), null, '1', '1', null, '', TO_DATE('2020-08-24 16:14:25', '%Y-%m-%d %H:%M:%S'), TO_DATE('2020-08-24 16:14:25', '%Y-%m-%d %H:%M:%S'));
INSERT INTO sabpmmain (id, processid, taskid, businessno, businesstype, nodeid, businessnodeid, indate, state, comcode, handlerrole, usercode, handleruser, mobile, prepnodeid, preptaskid, prepcomcode, prepuser, pendingdate, outdate, acceptdate, acceptflag, valid, transactnodeid, cancelstate, canceldate, resumedate, canceluser, makecom, businessstatus, reason, inserttimeforhis, operatetimeforhis) VALUES (1000000003331113, 1000000000034479, null, '329921120082400       ', '2 ', 16, 0, TO_DATE('2020-08-24 15:44:52', '%Y-%m-%d %H:%M:%S'), '1', '32000000  ', null, '          ', 'A320000135      ', null, null, null, null, null, null, TO_DATE('2020-08-24 15:44:52', '%Y-%m-%d %H:%M:%S'), null, null, '1', null, null, null, null, null, '32000000', 'B', null, TO_DATE('2020-08-24 15:44:51', '%Y-%m-%d %H:%M:%S'), TO_DATE('2020-08-24 15:44:51', '%Y-%m-%d %H:%M:%S'));
INSERT INTO sabpmmain (id, processid, taskid, businessno, businesstype, nodeid, businessnodeid, indate, state, comcode, handlerrole, usercode, handleruser, mobile, prepnodeid, preptaskid, prepcomcode, prepuser, pendingdate, outdate, acceptdate, acceptflag, valid, transactnodeid, cancelstate, canceldate, resumedate, canceluser, makecom, businessstatus, reason, inserttimeforhis, operatetimeforhis) VALUES (1000000003331114, 1000000000034479, null, '329921120082400       ', '2 ', 17, 1, TO_DATE('2020-08-24 15:44:52', '%Y-%m-%d %H:%M:%S'), '1', null, null, '          ', 'A320000135      ', null, 16, null, '32000000  ', 'A320000135', null, TO_DATE('2020-08-24 16:14:24', '%Y-%m-%d %H:%M:%S'), null, null, '1', null, null, null, null, null, '32000000', 'C', '123', TO_DATE('2020-08-24 15:44:52', '%Y-%m-%d %H:%M:%S'), TO_DATE('2020-08-24 16:14:44', '%Y-%m-%d %H:%M:%S'));
INSERT INTO saacontract (acontractid, agentname, contractno, contracttype, startdate, enddate, comcode, orgcode, permitno, permitenddate, agentreferee, agentcontact, signusercode, channelusercode, agentphoneno, agentaddress, premiumtarget, createdate, lastcontractid, creator, updator, checkstatus, validstatus, flag, remark, inserttimeforhis, operatetimeforhis) VALUES (1000000000196246, 'ui测试-中介经代002', '329921120082400', '211', TO_DATE('2020-08-11', '%Y-%m-%d'), TO_DATE('2022-08-10', '%Y-%m-%d'), '32990091', null, null, null, '', '', null, null, '', '', null, TO_DATE('2020-08-24', '%Y-%m-%d'), null, 'A320000135', null, '          ', '1', null, null, TO_DATE('2020-08-24 15:44:51', '%Y-%m-%d %H:%M:%S'), TO_DATE('2020-08-24 16:14:25', '%Y-%m-%d %H:%M:%S'));
INSERT INTO saacontractresult (contractresultid, agentname, acontractid, contractno, orgcode, permitno, ispass, resultdate, reason, operateorcode, checkcode, validstatus, flag, remark, inserttimeforhis, operatetimeforhis) VALUES (1000000000162235, 'ui测试-中介经代002', 1000000000196246, '329921120082400', null, null, '11', TO_DATE('2020-08-24 16:14:25', '%Y-%m-%d %H:%M:%S'), null, null, 'A320000135', '1         ', null, null, TO_DATE('2020-08-24 16:14:25', '%Y-%m-%d %H:%M:%S'), TO_DATE('2020-08-24 16:14:25', '%Y-%m-%d %H:%M:%S'));
INSERT INTO saacontracthis (id, acontractid, agentname, contractno, contracttype, startdate, enddate, comcode, orgcode, permitno, permitenddate, agentreferee, agentcontact, signusercode, channelusercode, agentphoneno, agentaddress, premiumtarget, createdate, lastcontractid, effecttime, failuretime, creator, updator, businessflag, updatetime, checkuser, checktime, checkstatus, validstatus, flag, remark, inserttimeforhis, operatetimeforhis) VALUES (1000000000607443, 1000000000196246, 'ui测试-中介经代002', '329921120082400', '211', TO_DATE('2020-08-11', '%Y-%m-%d'), TO_DATE('2022-08-10', '%Y-%m-%d'), '32990091', null, null, null, '', '', null, null, '', '', null, TO_DATE('2020-08-24', '%Y-%m-%d'), null, null, null, 'A320000135', 'A320000135', 'A', TO_DATE('2020-08-24 16:14:25', '%Y-%m-%d %H:%M:%S'), 'A320000135', TO_DATE('2020-08-24 16:14:25', '%Y-%m-%d %H:%M:%S'), '          ', '1', null, null, TO_DATE('2020-08-24 16:14:25', '%Y-%m-%d %H:%M:%S'), TO_DATE('2020-08-24 16:14:25', '%Y-%m-%d %H:%M:%S'));
INSERT INTO sadaccount (accountid, payeename, bankname, accountno, telephone, isprivate, cardtype, bankcode, bankareacode, bankareaname, cnaps, identifytype, identifynumber, pressing, sendsms, sendmail, email, comcode, updator, updatetime, validstatus, flag, remark, inserttimeforhis, operatetimeforhis) VALUES (1000000001354812, 'ui测试-中介经代002', '中国工商银行股份有限公司', '1111122', '', '1', '1', 'ICBC        ', '6528', '新疆维吾尔自治区_巴音郭楞蒙古自治州', '102888000030', '2', 'P0P3IIZC-9', '1', '2', '2', '', '32000000', null, null, '1         ', null, null, TO_DATE('2020-08-24 15:44:44', '%Y-%m-%d %H:%M:%S'), TO_DATE('2020-08-24 16:14:25', '%Y-%m-%d %H:%M:%S'));

INSERT INTO saaagentresult (agentresultid, agentcode, agentname, comcode, ispass, resultdate, reason, operateorcode, checkcode, validstatus, flag, remark, inserttimeforhis, operatetimeforhis) VALUES (1100025954, '32003J300157', 'ui测试-银保渠道', '3200', null, TO_DATE('2020-08-26 11:13:39', '%Y-%m-%d %H:%M:%S'), null, 'A320000135', 'A320000135', '1         ', null, null, TO_DATE('2020-08-26 11:13:43', '%Y-%m-%d %H:%M:%S'), TO_DATE('2020-08-26 11:13:43', '%Y-%m-%d %H:%M:%S'));
INSERT INTO saaagentcontract (agentcontractid, acontractid, agentid, agentcode, ruleno, batchno, comcode, secondname, orgcode, effecttime, failuretime, validstatus, deleteflag, flag, remark, inserttimeforhis, operatetimeforhis) VALUES (1000000000545344, 1000000000196260, 1000000000072494, '32003J300157', 'RULE20120000000000001', null, '32010012', 'ui测试-银保渠道', 'VKN75WVK-2 ', TO_DATE('2020-08-26 11:13:40', '%Y-%m-%d %H:%M:%S'), null, '1', '1', '1', '', TO_DATE('2020-08-26 11:12:14', '%Y-%m-%d %H:%M:%S'), TO_DATE('2020-08-26 11:13:43', '%Y-%m-%d %H:%M:%S'));
INSERT INTO saaagentcontracthis (id, acontracthisid, agentcontractid, acontractid, agentid, agentcode, ruleno, batchno, comcode, secondname, orgcode, effecttime, failuretime, validstatus, deleteflag, flag, remark, inserttimeforhis, operatetimeforhis) VALUES (1000000001767200, 1000000000607451, 1000000000545344, 1000000000196260, 1000000000072494, '32003J300157', 'RULE20120000000000001', null, '32010012', 'ui测试-银保渠道', 'VKN75WVK-2 ', TO_DATE('2020-08-26 11:13:40', '%Y-%m-%d %H:%M:%S'), null, '1', '1', null, '', TO_DATE('2020-08-26 11:13:43', '%Y-%m-%d %H:%M:%S'), TO_DATE('2020-08-26 11:13:43', '%Y-%m-%d %H:%M:%S'));
INSERT INTO sabpmmain (id, processid, taskid, businessno, businesstype, nodeid, businessnodeid, indate, state, comcode, handlerrole, usercode, handleruser, mobile, prepnodeid, preptaskid, prepcomcode, prepuser, pendingdate, outdate, acceptdate, acceptflag, valid, transactnodeid, cancelstate, canceldate, resumedate, canceluser, makecom, businessstatus, reason, inserttimeforhis, operatetimeforhis) VALUES (1000000003331204, 1000000000034519, null, '329930020082600       ', '2 ', 22, 0, TO_DATE('2020-08-26 11:12:12', '%Y-%m-%d %H:%M:%S'), '1', '32000000  ', null, '          ', 'A320000135      ', null, null, null, null, null, null, TO_DATE('2020-08-26 11:12:12', '%Y-%m-%d %H:%M:%S'), null, null, '1', null, null, null, null, null, '32000000', 'B', null, TO_DATE('2020-08-26 11:12:14', '%Y-%m-%d %H:%M:%S'), TO_DATE('2020-08-26 11:12:14', '%Y-%m-%d %H:%M:%S'));
INSERT INTO sabpmmain (id, processid, taskid, businessno, businesstype, nodeid, businessnodeid, indate, state, comcode, handlerrole, usercode, handleruser, mobile, prepnodeid, preptaskid, prepcomcode, prepuser, pendingdate, outdate, acceptdate, acceptflag, valid, transactnodeid, cancelstate, canceldate, resumedate, canceluser, makecom, businessstatus, reason, inserttimeforhis, operatetimeforhis) VALUES (1000000003331205, 1000000000034519, null, '329930020082600       ', '2 ', 23, 1, TO_DATE('2020-08-26 11:12:13', '%Y-%m-%d %H:%M:%S'), '1', null, null, '          ', 'A320000135      ', null, 22, null, '32000000  ', 'A320000135', null, TO_DATE('2020-08-26 11:13:32', '%Y-%m-%d %H:%M:%S'), null, null, '1', null, null, null, null, null, '32000000', 'C', 'kljnl、', TO_DATE('2020-08-26 11:12:14', '%Y-%m-%d %H:%M:%S'), TO_DATE('2020-08-26 11:14:16', '%Y-%m-%d %H:%M:%S'));
INSERT INTO saacontract (acontractid, agentname, contractno, contracttype, startdate, enddate, comcode, orgcode, permitno, permitenddate, agentreferee, agentcontact, signusercode, channelusercode, agentphoneno, agentaddress, premiumtarget, createdate, lastcontractid, creator, updator, checkstatus, validstatus, flag, remark, inserttimeforhis, operatetimeforhis) VALUES (1000000000196260, 'ui测试-中介银保002', '329930020082600', '300', TO_DATE('2020-08-25', '%Y-%m-%d'), TO_DATE('2021-08-24', '%Y-%m-%d'), '32990091', null, null, null, '', '', null, null, '', '', null, TO_DATE('2020-08-26', '%Y-%m-%d'), null, 'A320000135', null, '          ', '1', null, null, TO_DATE('2020-08-26 11:12:14', '%Y-%m-%d %H:%M:%S'), TO_DATE('2020-08-26 11:13:43', '%Y-%m-%d %H:%M:%S'));
INSERT INTO saacontractresult (contractresultid, agentname, acontractid, contractno, orgcode, permitno, ispass, resultdate, reason, operateorcode, checkcode, validstatus, flag, remark, inserttimeforhis, operatetimeforhis) VALUES (1000000000162243, 'ui测试-中介银保002', 1000000000196260, '329930020082600', null, null, '11', TO_DATE('2020-08-26 11:13:35', '%Y-%m-%d %H:%M:%S'), null, null, 'A320000135', '1         ', null, null, TO_DATE('2020-08-26 11:13:42', '%Y-%m-%d %H:%M:%S'), TO_DATE('2020-08-26 11:13:42', '%Y-%m-%d %H:%M:%S'));
INSERT INTO saacontracthis (id, acontractid, agentname, contractno, contracttype, startdate, enddate, comcode, orgcode, permitno, permitenddate, agentreferee, agentcontact, signusercode, channelusercode, agentphoneno, agentaddress, premiumtarget, createdate, lastcontractid, effecttime, failuretime, creator, updator, businessflag, updatetime, checkuser, checktime, checkstatus, validstatus, flag, remark, inserttimeforhis, operatetimeforhis) VALUES (1000000000607451, 1000000000196260, 'ui测试-中介银保002', '329930020082600', '300', TO_DATE('2020-08-25', '%Y-%m-%d'), TO_DATE('2021-08-24', '%Y-%m-%d'), '32990091', null, null, null, '', '', null, null, '', '', null, TO_DATE('2020-08-26', '%Y-%m-%d'), null, null, null, 'A320000135', 'A320000135', 'A', TO_DATE('2020-08-26 11:13:35', '%Y-%m-%d %H:%M:%S'), 'A320000135', TO_DATE('2020-08-26 11:13:35', '%Y-%m-%d %H:%M:%S'), '          ', '1', null, null, TO_DATE('2020-08-26 11:13:43', '%Y-%m-%d %H:%M:%S'), TO_DATE('2020-08-26 11:13:43', '%Y-%m-%d %H:%M:%S'));
INSERT INTO sadaccount (accountid, payeename, bankname, accountno, telephone, isprivate, cardtype, bankcode, bankareacode, bankareaname, cnaps, identifytype, identifynumber, pressing, sendsms, sendmail, email, comcode, updator, updatetime, validstatus, flag, remark, inserttimeforhis, operatetimeforhis) VALUES (1000000001354827, 'ui测试-中介银保002', '交通银行', '1111123', '', '1', '1', 'BOCOM       ', '6540', '新疆维吾尔自治区_伊犁哈萨克自治州', '301898000032', '2', 'VKN75WVK-2', '1', '2', '2', '', '32010012', null, null, '1         ', null, null, TO_DATE('2020-08-26 11:12:02', '%Y-%m-%d %H:%M:%S'), TO_DATE('2020-08-26 11:13:44', '%Y-%m-%d %H:%M:%S'));

INSERT INTO saaagentresult (agentresultid, agentcode, agentname, comcode, ispass, resultdate, reason, operateorcode, checkcode, validstatus, flag, remark, inserttimeforhis, operatetimeforhis) VALUES (1100025944, '32003L100008', 'ui测试车商渠道码', '3200', null, TO_DATE('2020-08-25 15:48:41', '%Y-%m-%d %H:%M:%S'), null, 'A320000135', 'A320000135', '1         ', null, null, TO_DATE('2020-08-25 15:48:42', '%Y-%m-%d %H:%M:%S'), TO_DATE('2020-08-25 15:48:42', '%Y-%m-%d %H:%M:%S'));
INSERT INTO saaagentcontract (agentcontractid, acontractid, agentid, agentcode, ruleno, batchno, comcode, secondname, orgcode, effecttime, failuretime, validstatus, deleteflag, flag, remark, inserttimeforhis, operatetimeforhis) VALUES (1000000000545331, 1000000000196250, 1000000000072496, '32003L100008', 'RULE20120000000000001', null, '23415678', 'ui测试车商渠道码', 'G5RWGE1R-6 ', TO_DATE('2020-08-25 15:48:41', '%Y-%m-%d %H:%M:%S'), null, '1', '1', '1', '', TO_DATE('2020-08-25 15:47:43', '%Y-%m-%d %H:%M:%S'), TO_DATE('2020-08-25 15:48:42', '%Y-%m-%d %H:%M:%S'));
INSERT INTO saaagentcontracthis (id, acontracthisid, agentcontractid, acontractid, agentid, agentcode, ruleno, batchno, comcode, secondname, orgcode, effecttime, failuretime, validstatus, deleteflag, flag, remark, inserttimeforhis, operatetimeforhis) VALUES (1000000001767194, 1000000000607446, 1000000000545331, 1000000000196250, 1000000000072496, '32003L100008', 'RULE20120000000000001', null, '23415678', 'ui测试车商渠道码', 'G5RWGE1R-6 ', TO_DATE('2020-08-25 15:48:41', '%Y-%m-%d %H:%M:%S'), null, '1', '1', null, '', TO_DATE('2020-08-25 15:48:42', '%Y-%m-%d %H:%M:%S'), TO_DATE('2020-08-25 15:48:42', '%Y-%m-%d %H:%M:%S'));
INSERT INTO sabpmmain (id, processid, taskid, businessno, businesstype, nodeid, businessnodeid, indate, state, comcode, handlerrole, usercode, handleruser, mobile, prepnodeid, preptaskid, prepcomcode, prepuser, pendingdate, outdate, acceptdate, acceptflag, valid, transactnodeid, cancelstate, canceldate, resumedate, canceluser, makecom, businessstatus, reason, inserttimeforhis, operatetimeforhis) VALUES (1000000003331175, 1000000000034507, null, '329930020082500       ', '2 ', 28, 0, TO_DATE('2020-08-25 15:47:43', '%Y-%m-%d %H:%M:%S'), '1', '32000000  ', null, '          ', 'A320000135      ', null, null, null, null, null, null, TO_DATE('2020-08-25 15:47:43', '%Y-%m-%d %H:%M:%S'), null, null, '1', null, null, null, null, null, '32000000', 'B', null, TO_DATE('2020-08-25 15:47:43', '%Y-%m-%d %H:%M:%S'), TO_DATE('2020-08-25 15:47:43', '%Y-%m-%d %H:%M:%S'));
INSERT INTO sabpmmain (id, processid, taskid, businessno, businesstype, nodeid, businessnodeid, indate, state, comcode, handlerrole, usercode, handleruser, mobile, prepnodeid, preptaskid, prepcomcode, prepuser, pendingdate, outdate, acceptdate, acceptflag, valid, transactnodeid, cancelstate, canceldate, resumedate, canceluser, makecom, businessstatus, reason, inserttimeforhis, operatetimeforhis) VALUES (1000000003331176, 1000000000034507, null, '329930020082500       ', '2 ', 29, 1, TO_DATE('2020-08-25 15:47:43', '%Y-%m-%d %H:%M:%S'), '1', null, null, '          ', 'A320000135      ', null, 28, null, '32000000  ', 'A320000135', null, TO_DATE('2020-08-25 15:48:40', '%Y-%m-%d %H:%M:%S'), null, null, '1', null, null, null, null, null, '32000000', 'C', 'ui测试', TO_DATE('2020-08-25 15:47:43', '%Y-%m-%d %H:%M:%S'), TO_DATE('2020-08-25 15:49:02', '%Y-%m-%d %H:%M:%S'));
INSERT INTO saacontract (acontractid, agentname, contractno, contracttype, startdate, enddate, comcode, orgcode, permitno, permitenddate, agentreferee, agentcontact, signusercode, channelusercode, agentphoneno, agentaddress, premiumtarget, createdate, lastcontractid, creator, updator, checkstatus, validstatus, flag, remark, inserttimeforhis, operatetimeforhis) VALUES (1000000000196250, 'ui测试-中介车商002', '329930020082500', '300', TO_DATE('2020-08-25', '%Y-%m-%d'), TO_DATE('2021-08-24', '%Y-%m-%d'), '32990091', null, null, null, '', '', null, null, '', '', null, TO_DATE('2020-08-25', '%Y-%m-%d'), null, 'A320000135', null, '          ', '1', null, null, TO_DATE('2020-08-25 15:47:43', '%Y-%m-%d %H:%M:%S'), TO_DATE('2020-08-25 15:48:42', '%Y-%m-%d %H:%M:%S'));
INSERT INTO saacontractresult (contractresultid, agentname, acontractid, contractno, orgcode, permitno, ispass, resultdate, reason, operateorcode, checkcode, validstatus, flag, remark, inserttimeforhis, operatetimeforhis) VALUES (1000000000162238, 'ui测试-中介车商002', 1000000000196250, '329930020082500', null, null, '11', TO_DATE('2020-08-25 15:48:40', '%Y-%m-%d %H:%M:%S'), null, null, 'A320000135', '1         ', null, null, TO_DATE('2020-08-25 15:48:42', '%Y-%m-%d %H:%M:%S'), TO_DATE('2020-08-25 15:48:42', '%Y-%m-%d %H:%M:%S'));
INSERT INTO saacontracthis (id, acontractid, agentname, contractno, contracttype, startdate, enddate, comcode, orgcode, permitno, permitenddate, agentreferee, agentcontact, signusercode, channelusercode, agentphoneno, agentaddress, premiumtarget, createdate, lastcontractid, effecttime, failuretime, creator, updator, businessflag, updatetime, checkuser, checktime, checkstatus, validstatus, flag, remark, inserttimeforhis, operatetimeforhis) VALUES (1000000000607446, 1000000000196250, 'ui测试-中介车商002', '329930020082500', '300', TO_DATE('2020-08-25', '%Y-%m-%d'), TO_DATE('2021-08-24', '%Y-%m-%d'), '32990091', null, null, null, '', '', null, null, '', '', null, TO_DATE('2020-08-25', '%Y-%m-%d'), null, null, null, 'A320000135', 'A320000135', 'A', TO_DATE('2020-08-25 15:48:40', '%Y-%m-%d %H:%M:%S'), 'A320000135', TO_DATE('2020-08-25 15:48:40', '%Y-%m-%d %H:%M:%S'), '          ', '1', null, null, TO_DATE('2020-08-25 15:48:42', '%Y-%m-%d %H:%M:%S'), TO_DATE('2020-08-25 15:48:42', '%Y-%m-%d %H:%M:%S'));
INSERT INTO sadaccount (accountid, payeename, bankname, accountno, telephone, isprivate, cardtype, bankcode, bankareacode, bankareaname, cnaps, identifytype, identifynumber, pressing, sendsms, sendmail, email, comcode, updator, updatetime, validstatus, flag, remark, inserttimeforhis, operatetimeforhis) VALUES (1000000001354819, 'ui测试-中介车商002', '交通银行', '1111124', '', '1', '1', 'BOCOM       ', '6540', '新疆维吾尔自治区_伊犁哈萨克自治州', '301898000032', '2', 'G5RWGE1R-6', '1', '2', '2', '', '23415678', null, null, '1         ', null, null, TO_DATE('2020-08-25 15:47:32', '%Y-%m-%d %H:%M:%S'), TO_DATE('2020-08-25 15:48:42', '%Y-%m-%d %H:%M:%S'));
